timestamp,price,volume
1749235944,104534.88000000,6.33472000
1749235944,104534.89000000,0.20928000
1749235944,104534.90000000,0.00060000
1749235944,104535.15000000,0.00072000
1749235944,104535.33000000,0.00006000
1749235944,104535.43000000,0.01473000
1749235944,104535.70000000,0.01918000
1749235944,104535.83000000,0.00005000
1749235944,104536.30000000,0.00960000
1749235944,104536.31000000,0.00005000
1749235944,104536.36000000,0.04595000
1749235944,104536.98000000,0.00049000
1749235944,104537.35000000,0.00005000
1749235944,104537.68000000,0.04005000
1749235944,104537.81000000,0.07218000
1749235944,104538.12000000,0.53411000
1749235944,104538.13000000,0.31548000
1749235944,104538.53000000,0.00560000
1749235944,104539.06000000,0.01890000
1749235944,104539.23000000,0.00478000
1749235944,104539.44000000,0.00005000
1749235944,104539.63000000,0.09559000
1749235944,104540.14000000,0.34410000
1749235944,104540.46000000,0.19237000
1749235944,104540.59000000,0.96173000
1749235944,104540.99000000,0.02481000
1749235944,104541.04000000,0.01000000
1749235944,104541.32000000,0.00005000
1749235944,104541.53000000,0.00250000
1749235944,104541.72000000,0.01347000
1749235944,104541.81000000,0.00005000
1749235944,104542.50000000,0.00999000
1749235944,104543.19000000,0.34409000
1749235944,104543.60000000,0.19237000
1749235944,104543.61000000,0.55317000
1749235944,104543.72000000,0.02000000
1749235944,104543.88000000,0.05760000
1749235944,104544.46000000,0.00728000
1749235944,104544.73000000,0.00010000
1749235944,104544.75000000,0.00477000
1749235944,104544.76000000,0.12480000
1749235944,104544.78000000,0.12000000
1749235944,104544.79000000,0.28685000
1749235944,104544.85000000,0.12960000
1749235944,104544.87000000,0.12000000
1749235944,104545.17000000,0.01913000
1749235944,104545.26000000,0.00005000
1749235944,104545.76000000,0.19237000
1749235944,104545.77000000,0.07213000
1749235944,104546.16000000,0.03490000
1749235944,104546.38000000,0.60240000
1749235944,104546.40000000,0.00005000
1749235944,104546.60000000,0.00956000
1749235944,104546.79000000,0.02000000
1749235944,104547.02000000,0.34407000
1749235944,104547.77000000,0.96173000
1749235944,104547.79000000,0.00005000
1749235944,104547.94000000,0.12960000
1749235944,104548.43000000,1.39679000
1749235944,104548.59000000,0.00008000
1749235944,104548.60000000,0.02870000
1749235944,104548.66000000,0.02871000
1749235944,104548.71000000,0.00005000
1749235944,104548.87000000,0.35806000
1749235944,104548.99000000,0.12960000
1749235944,104549.35000000,0.00010000
1749235944,104549.69000000,0.32273000
1749235944,104549.70000000,0.58500000
1749235944,104550.03000000,0.12960000
1749235944,104550.07000000,0.12480000
1749235944,104550.17000000,0.12000000
1749235944,104550.56000000,0.00778000
1749235944,104550.82000000,0.00006000
1749235944,104550.98000000,0.19237000
1749235944,104550.99000000,0.19237000
1749235944,104551.00000000,0.24575000
1749235944,104551.48000000,0.00005000
1749235944,104551.99000000,0.00300000
1749235944,104552.30000000,0.00006000
1749235944,104552.34000000,0.96173000
1749235944,104552.59000000,0.00010000
1749235944,104552.75000000,0.47778000
1749235944,104552.76000000,0.84570000
1749235944,104553.33000000,0.07275000
1749235944,104553.44000000,0.87551000
1749235944,104554.26000000,0.02861000
1749235944,104554.94000000,0.00006000
1749235944,104555.48000000,0.00015000
1749235944,104555.55000000,0.03825000
1749235944,104555.61000000,0.00005000
1749235944,104555.62000000,0.00005000
1749235944,104555.78000000,0.28685000
1749235944,104555.81000000,0.47809000
1749235944,104556.02000000,0.60240000
1749235944,104556.23000000,0.00011000
1749235944,104556.24000000,0.38474000
1749235944,104556.56000000,0.00005000
1749235944,104556.57000000,0.96173000
1749235944,104556.67000000,0.00010000
1749235944,104558.07000000,0.47809000
1749236005,104535.29000000,5.19520000
1749236005,104535.31000000,0.00060000
1749236005,104535.40000000,0.39904000
1749236005,104535.41000000,0.31554000
1749236005,104535.50000000,0.00072000
1749236005,104535.54000000,0.00005000
1749236005,104535.60000000,0.01472000
1749236005,104535.88000000,0.07218000
1749236005,104536.34000000,0.00191000
1749236005,104536.36000000,0.04595000
1749236005,104536.46000000,0.02451000
1749236005,104537.35000000,0.00005000
1749236005,104537.39000000,0.00050000
1749236005,104538.13000000,0.04025000
1749236005,104538.40000000,0.00005000
1749236005,104538.42000000,0.00005000
1749236005,104538.55000000,0.34415000
1749236005,104538.58000000,0.00012000
1749236005,104538.59000000,0.15000000
1749236005,104539.87000000,0.00013000
1749236005,104540.95000000,0.00478000
1749236005,104541.32000000,0.00005000
1749236005,104541.54000000,0.00014000
1749236005,104541.57000000,0.05165000
1749236005,104541.59000000,0.00006000
1749236005,104541.60000000,0.28852000
1749236005,104541.81000000,0.00005000
1749236005,104543.00000000,1.08459000
1749236005,104543.01000000,0.48239000
1749236005,104543.63000000,0.00251000
1749236005,104543.72000000,0.09557000
1749236005,104543.85000000,1.36934000
1749236005,104543.86000000,0.00387000
1749236005,104544.41000000,0.00129000
1749236005,104544.79000000,0.13094000
1749236005,104544.91000000,0.00126000
1749236005,104545.26000000,0.96173000
1749236005,104545.75000000,0.19237000
1749236005,104545.86000000,0.00999000
1749236005,104546.00000000,0.01140000
1749236005,104546.02000000,0.28685000
1749236005,104546.40000000,0.00005000
1749236005,104546.67000000,0.28685000
1749236005,104547.20000000,0.01957000
1749236005,104547.51000000,0.19237000
1749236005,104547.80000000,0.00478000
1749236005,104547.95000000,0.01913000
1749236005,104548.22000000,0.34407000
1749236005,104548.59000000,0.00018000
1749236005,104548.62000000,0.06000000
1749236005,104548.71000000,0.00005000
1749236005,104548.87000000,0.34407000
1749236005,104549.35000000,0.00560000
1749236005,104549.47000000,0.93332000
1749236005,104549.48000000,0.96173000
1749236005,104549.82000000,0.00488000
1749236005,104550.00000000,0.00956000
1749236005,104550.13000000,0.60240000
1749236005,104550.82000000,0.00006000
1749236005,104550.97000000,0.00050000
1749236005,104550.98000000,0.00300000
1749236005,104551.00000000,0.00575000
1749236005,104551.10000000,0.19237000
1749236005,104551.41000000,0.28685000
1749236005,104551.48000000,0.00005000
1749236005,104552.16000000,0.00005000
1749236005,104552.30000000,0.00006000
1749236005,104552.68000000,0.00143000
1749236005,104552.73000000,0.47778000
1749236005,104552.74000000,0.19237000
1749236005,104552.76000000,0.84570000
1749236005,104553.03000000,0.00728000
1749236005,104553.66000000,0.04000000
1749236005,104553.81000000,0.00010000
1749236005,104553.91000000,0.34121000
1749236005,104553.93000000,1.36203000
1749236005,104553.94000000,0.96173000
1749236005,104554.30000000,0.12960000
1749236005,104554.31000000,0.58500000
1749236005,104554.40000000,0.28685000
1749236005,104555.00000000,0.00094000
1749236005,104555.24000000,0.00990000
1749236005,104555.35000000,0.00011000
1749236005,104555.36000000,0.12480000
1749236005,104555.48000000,0.07213000
1749236005,104555.49000000,0.12000000
1749236005,104555.55000000,0.03825000
1749236005,104555.61000000,0.00005000
1749236005,104555.62000000,0.00005000
1749236005,104555.98000000,0.02000000
1749236005,104555.99000000,0.47809000
1749236005,104556.16000000,0.05760000
1749236005,104556.56000000,0.00005000
1749236005,104556.67000000,0.00010000
1749236005,104556.73000000,0.01999000
1749236005,104557.03000000,0.24480000
1749236005,104557.08000000,0.19237000
1749236005,104557.13000000,0.12960000
1749236005,104557.15000000,0.12000000
1749236005,104558.13000000,0.96441000
1749236066,104523.73000000,7.30596000
1749236066,104523.74000000,0.02139000
1749236066,104523.82000000,0.00006000
1749236066,104524.11000000,0.04875000
1749236066,104524.39000000,0.13247000
1749236066,104524.40000000,0.04585000
1749236066,104524.78000000,0.00191000
1749236066,104524.94000000,0.01918000
1749236066,104525.11000000,0.05058000
1749236066,104525.61000000,0.00101000
1749236066,104525.83000000,0.00050000
1749236066,104526.05000000,0.34434000
1749236066,104526.08000000,0.00005000
1749236066,104526.28000000,0.01472000
1749236066,104526.97000000,0.09563000
1749236066,104527.16000000,0.07218000
1749236066,104527.47000000,0.06010000
1749236066,104527.55000000,0.00560000
1749236066,104527.90000000,0.61743000
1749236066,104527.91000000,0.96173000
1749236066,104528.01000000,0.00005000
1749236066,104528.96000000,0.38599000
1749236066,104528.97000000,0.00956000
1749236066,104529.16000000,0.34413000
1749236066,104529.41000000,0.00478000
1749236066,104530.06000000,0.00999000
1749236066,104530.40000000,0.31545000
1749236066,104530.83000000,0.01959000
1749236066,104530.85000000,0.00060000
1749236066,104531.16000000,0.00005000
1749236066,104532.75000000,0.02000000
1749236066,104532.87000000,0.05760000
1749236066,104533.79000000,0.24480000
1749236066,104533.84000000,0.12960000
1749236066,104533.86000000,0.12030000
1749236066,104533.95000000,0.99255000
1749236066,104533.96000000,0.32268000
1749236066,104533.97000000,0.00477000
1749236066,104534.09000000,0.38247000
1749236066,104534.17000000,0.28685000
1749236066,104534.18000000,0.00478000
1749236066,104534.30000000,0.96173000
1749236066,104534.32000000,0.34412000
1749236066,104534.33000000,0.28685000
1749236066,104534.41000000,0.28685000
1749236066,104534.85000000,0.19237000
1749236066,104534.89000000,0.20660000
1749236066,104535.29000000,0.08058000
1749236066,104535.87000000,0.19237000
1749236066,104536.00000000,0.01140000
1749236066,104536.24000000,0.00005000
1749236066,104536.37000000,0.01883000
1749236066,104536.48000000,0.28685000
1749236066,104536.60000000,0.00250000
1749236066,104536.90000000,0.12960000
1749236066,104537.06000000,0.00956000
1749236066,104537.75000000,0.00956000
1749236066,104537.87000000,0.00011000
1749236066,104537.88000000,0.01999000
1749236066,104537.91000000,0.12960000
1749236066,104538.17000000,0.00008000
1749236066,104538.36000000,0.00005000
1749236066,104538.56000000,0.00010000
1749236066,104538.94000000,0.12480000
1749236066,104538.95000000,0.12960000
1749236066,104539.01000000,0.12000000
1749236066,104539.04000000,0.60240000
1749236066,104539.33000000,0.00010000
1749236066,104539.41000000,0.00778000
1749236066,104539.57000000,0.07213000
1749236066,104540.15000000,1.07195000
1749236066,104540.16000000,0.96173000
1749236066,104540.19000000,0.47778000
1749236066,104540.21000000,0.19237000
1749236066,104540.77000000,0.60240000
1749236066,104541.06000000,0.86230000
1749236066,104541.07000000,0.24000000
1749236066,104541.23000000,0.19237000
1749236066,104541.28000000,0.00050000
1749236066,104541.29000000,0.58500000
1749236066,104541.32000000,0.00005000
1749236066,104541.62000000,1.10748000
1749236066,104541.81000000,0.00005000
1749236066,104541.82000000,0.00250000
1749236066,104542.00000000,0.09903000
1749236066,104542.82000000,0.00011000
1749236066,104543.53000000,0.38247000
1749236066,104543.84000000,0.00140000
1749236066,104543.85000000,0.02355000
1749236066,104543.88000000,0.00010000
1749236066,104544.10000000,0.73988000
1749236066,104544.11000000,0.60240000
1749236066,104544.41000000,0.00129000
1749236066,104544.61000000,0.01914000
1749236066,104544.83000000,0.07265000
1749236066,104544.91000000,0.00126000
1749236066,104545.26000000,0.00005000
1749236066,104545.35000000,0.38247000
1749236066,104545.48000000,0.96173000
1749236066,104545.59000000,0.19237000
1749236127,104500.01000000,4.17777000
1749236127,104500.02000000,0.00012000
1749236127,104500.03000000,0.02221000
1749236127,104500.14000000,0.02523000
1749236127,104500.31000000,0.00005000
1749236127,104500.35000000,0.00006000
1749236127,104500.42000000,0.31554000
1749236127,104500.99000000,0.00012000
1749236127,104501.00000000,0.03431000
1749236127,104501.61000000,0.14470000
1749236127,104501.62000000,0.08947000
1749236127,104501.63000000,0.04595000
1749236127,104501.87000000,0.00005000
1749236127,104502.11000000,0.00050000
1749236127,104502.91000000,0.00005000
1749236127,104503.43000000,0.00855000
1749236127,104503.87000000,0.00005000
1749236127,104504.14000000,0.00478000
1749236127,104505.21000000,0.34421000
1749236127,104505.24000000,0.00205000
1749236127,104505.76000000,0.00005000
1749236127,104506.54000000,0.19237000
1749236127,104506.99000000,0.00006000
1749236127,104507.16000000,0.00300000
1749236127,104507.20000000,0.00010000
1749236127,104507.32000000,0.00005000
1749236127,104507.38000000,0.05161000
1749236127,104508.51000000,0.77874000
1749236127,104508.52000000,0.07213000
1749236127,104508.67000000,0.00250000
1749236127,104509.17000000,0.96173000
1749236127,104509.18000000,0.34420000
1749236127,104509.26000000,0.19237000
1749236127,104509.35000000,0.00478000
1749236127,104509.56000000,0.06000000
1749236127,104509.91000000,0.00010000
1749236127,104510.47000000,0.58500000
1749236127,104510.56000000,0.16000000
1749236127,104510.76000000,0.00005000
1749236127,104510.84000000,0.00005000
1749236127,104511.00000000,0.00517000
1749236127,104511.01000000,0.00143000
1749236127,104511.03000000,0.12308000
1749236127,104511.06000000,0.08000000
1749236127,104511.34000000,0.00957000
1749236127,104511.53000000,0.00999000
1749236127,104511.60000000,0.01923000
1749236127,104511.62000000,0.00426000
1749236127,104511.63000000,0.04675000
1749236127,104512.05000000,0.62339000
1749236127,104512.12000000,0.19237000
1749236127,104512.47000000,0.34419000
1749236127,104512.50000000,0.38280000
1749236127,104512.55000000,0.00009000
1749236127,104512.96000000,0.00560000
1749236127,104513.11000000,0.00957000
1749236127,104514.21000000,0.00005000
1749236127,104514.31000000,0.00011000
1749236127,104514.39000000,0.96173000
1749236127,104514.43000000,0.07260000
1749236127,104514.47000000,0.00023000
1749236127,104514.57000000,0.00728000
1749236127,104514.66000000,0.00010000
1749236127,104514.99000000,0.00006000
1749236127,104515.38000000,0.19237000
1749236127,104515.50000000,0.05760000
1749236127,104515.92000000,0.00005000
1749236127,104516.00000000,0.00006000
1749236127,104516.12000000,0.34418000
1749236127,104516.41000000,0.12480000
1749236127,104516.42000000,0.12000000
1749236127,104516.47000000,0.12960000
1749236127,104516.48000000,0.00005000
1749236127,104516.49000000,0.12000000
1749236127,104516.62000000,0.02872000
1749236127,104516.83000000,1.37072000
1749236127,104517.30000000,0.00050000
1749236127,104517.33000000,0.00008000
1749236127,104517.40000000,0.19237000
1749236127,104517.46000000,0.00478000
1749236127,104517.47000000,0.01914000
1749236127,104517.66000000,0.00005000
1749236127,104517.72000000,0.00498000
1749236127,104518.15000000,0.00011000
1749236127,104518.16000000,0.02000000
1749236127,104518.58000000,0.96173000
1749236127,104519.15000000,0.04000000
1749236127,104519.81000000,0.01400000
1749236127,104519.88000000,0.00010000
1749236127,104519.91000000,0.00016000
1749236127,104520.00000000,0.01919000
1749236127,104520.01000000,0.04000000
1749236127,104520.19000000,0.28710000
1749236127,104520.30000000,0.02824000
1749236127,104520.37000000,0.00009000
1749236127,104520.45000000,0.28710000
1749236127,104520.61000000,0.12960000
1749236127,104520.68000000,0.28710000
1749236127,104520.70000000,0.19237000
1749236127,104520.91000000,0.08000000
1749236188,104531.32000000,4.23408000
1749236188,104531.34000000,0.00060000
1749236188,104531.35000000,0.00038000
1749236188,104531.44000000,0.00048000
1749236188,104531.94000000,0.00072000
1749236188,104532.00000000,0.00210000
1749236188,104532.04000000,0.00012000
1749236188,104532.05000000,0.04772000
1749236188,104532.17000000,0.00012000
1749236188,104532.18000000,0.23057000
1749236188,104532.19000000,0.31550000
1749236188,104532.29000000,0.02587000
1749236188,104533.18000000,0.00005000
1749236188,104533.42000000,0.00049000
1749236188,104534.02000000,0.00006000
1749236188,104534.22000000,0.00005000
1749236188,104534.88000000,0.00012000
1749236188,104534.89000000,0.20660000
1749236188,104535.14000000,0.00956000
1749236188,104535.28000000,0.00434000
1749236188,104535.29000000,0.00259000
1749236188,104535.68000000,0.00728000
1749236188,104535.70000000,0.00006000
1749236188,104535.71000000,0.19237000
1749236188,104536.00000000,0.00200000
1749236188,104536.19000000,0.00092000
1749236188,104536.36000000,0.34411000
1749236188,104537.27000000,0.00024000
1749236188,104537.28000000,0.00191000
1749236188,104537.97000000,0.00033000
1749236188,104538.00000000,0.01914000
1749236188,104538.36000000,0.00005000
1749236188,104538.56000000,0.00010000
1749236188,104538.65000000,0.04750000
1749236188,104539.01000000,0.07213000
1749236188,104539.33000000,0.00010000
1749236188,104539.35000000,0.74072000
1749236188,104539.36000000,0.19237000
1749236188,104539.41000000,0.00811000
1749236188,104540.00000000,0.36523000
1749236188,104540.11000000,0.96173000
1749236188,104540.19000000,0.47778000
1749236188,104540.46000000,0.01470000
1749236188,104540.95000000,0.02508000
1749236188,104541.23000000,0.19237000
1749236188,104541.29000000,0.58500000
1749236188,104541.32000000,0.00005000
1749236188,104541.77000000,0.00478000
1749236188,104541.81000000,0.00005000
1749236188,104541.87000000,0.12846000
1749236188,104542.43000000,0.00143000
1749236188,104542.99000000,0.00023000
1749236188,104543.03000000,0.00006000
1749236188,104543.05000000,0.00008000
1749236188,104543.09000000,0.00087000
1749236188,104543.84000000,0.00020000
1749236188,104543.85000000,0.02323000
1749236188,104543.88000000,0.00010000
1749236188,104544.00000000,0.00200000
1749236188,104544.12000000,0.34408000
1749236188,104544.28000000,0.01954000
1749236188,104544.41000000,0.00129000
1749236188,104544.51000000,0.00402000
1749236188,104544.59000000,0.02000000
1749236188,104544.74000000,0.05760000
1749236188,104544.84000000,0.34408000
1749236188,104544.91000000,0.00126000
1749236188,104545.26000000,0.00005000
1749236188,104545.44000000,0.00011000
1749236188,104545.45000000,0.92961000
1749236188,104545.46000000,0.19237000
1749236188,104545.48000000,0.96173000
1749236188,104545.63000000,0.01999000
1749236188,104545.66000000,0.12480000
1749236188,104545.68000000,0.12000000
1749236188,104545.71000000,0.12960000
1749236188,104545.73000000,0.12000000
1749236188,104546.40000000,0.00005000
1749236188,104546.48000000,0.30000000
1749236188,104547.00000000,0.00779000
1749236188,104547.04000000,0.00300000
1749236188,104547.21000000,0.19237000
1749236188,104547.33000000,0.60292000
1749236188,104547.79000000,0.00005000
1749236188,104548.00000000,0.00200000
1749236188,104548.58000000,0.00011000
1749236188,104548.59000000,0.00018000
1749236188,104548.71000000,0.00005000
1749236188,104548.73000000,1.39221000
1749236188,104548.74000000,0.60292000
1749236188,104548.78000000,0.12960000
1749236188,104549.04000000,0.76560000
1749236188,104549.29000000,0.60292000
1749236188,104549.49000000,0.28710000
1749236188,104549.73000000,0.96173000
1749236188,104549.86000000,0.12960000
1749236188,104550.00000000,0.00115000
1749236188,104550.14000000,0.07213000
1749236188,104550.37000000,0.00015000
1749236188,104550.39000000,0.38280000
1749236248,104509.72000000,5.35311000
1749236248,104509.73000000,0.38375000
1749236248,104509.74000000,0.00060000
1749236248,104509.84000000,0.31624000
1749236248,104510.28000000,0.00072000
1749236248,104510.34000000,0.04269000
1749236248,104510.81000000,0.02521000
1749236248,104510.83000000,0.00191000
1749236248,104510.87000000,0.00560000
1749236248,104511.63000000,0.04685000
1749236248,104511.82000000,0.00050000
1749236248,104512.01000000,0.34429000
1749236248,104512.30000000,0.00005000
1749236248,104513.53000000,0.09565000
1749236248,104513.60000000,0.34423000
1749236248,104514.21000000,0.00005000
1749236248,104514.39000000,0.00005000
1749236248,104514.40000000,0.05704000
1749236248,104514.47000000,0.01885000
1749236248,104514.95000000,0.00614000
1749236248,104515.51000000,0.07213000
1749236248,104515.92000000,0.00005000
1749236248,104516.83000000,0.38280000
1749236248,104517.22000000,0.00464000
1749236248,104517.30000000,0.34417000
1749236248,104517.66000000,0.00005000
1749236248,104518.77000000,0.28710000
1749236248,104519.25000000,0.01914000
1749236248,104519.38000000,0.79939000
1749236248,104519.39000000,0.96173000
1749236248,104519.40000000,0.19237000
1749236248,104519.41000000,0.19237000
1749236248,104519.45000000,0.09693000
1749236248,104519.48000000,0.34416000
1749236248,104520.00000000,0.00010000
1749236248,104520.05000000,0.28710000
1749236248,104520.17000000,0.00478000
1749236248,104520.18000000,0.58500000
1749236248,104520.51000000,0.00429000
1749236248,104520.76000000,0.00046000
1749236248,104521.00000000,0.00005000
1749236248,104521.11000000,0.00005000
1749236248,104521.42000000,0.00478000
1749236248,104521.43000000,0.28710000
1749236248,104521.63000000,0.00999000
1749236248,104521.97000000,0.28710000
1749236248,104522.35000000,0.12480000
1749236248,104522.48000000,0.00167000
1749236248,104522.77000000,0.00010000
1749236248,104522.88000000,0.00010000
1749236248,104523.51000000,0.00011000
1749236248,104524.16000000,0.06000000
1749236248,104524.31000000,0.00005000
1749236248,104524.36000000,0.08000000
1749236248,104524.56000000,0.00005000
1749236248,104524.66000000,0.16000000
1749236248,104524.83000000,0.96173000
1749236248,104524.84000000,0.86864000
1749236248,104524.85000000,0.13693000
1749236248,104524.99000000,0.02000000
1749236248,104525.10000000,0.05760000
1749236248,104525.23000000,0.02872000
1749236248,104525.38000000,0.38474000
1749236248,104525.39000000,0.28852000
1749236248,104525.40000000,0.52606000
1749236248,104525.74000000,0.60292000
1749236248,104525.96000000,0.04000000
1749236248,104526.04000000,0.24480000
1749236248,104526.07000000,0.12960000
1749236248,104526.08000000,0.12005000
1749236248,104526.51000000,0.00011000
1749236248,104527.53000000,0.60292000
1749236248,104527.75000000,0.00008000
1749236248,104527.90000000,0.32269000
1749236248,104527.91000000,1.12310000
1749236248,104527.99000000,0.00010000
1749236248,104528.01000000,0.00005000
1749236248,104529.13000000,0.07241000
1749236248,104529.18000000,0.12960000
1749236248,104529.28000000,0.00023000
1749236248,104529.42000000,0.04211000
1749236248,104529.77000000,0.96173000
1749236248,104529.83000000,0.09693000
1749236248,104530.01000000,0.04000000
1749236248,104530.17000000,0.00095000
1749236248,104530.19000000,0.12960000
1749236248,104530.63000000,0.04000000
1749236248,104530.68000000,0.38280000
1749236248,104530.82000000,0.47252000
1749236248,104531.16000000,0.00005000
1749236248,104531.31000000,0.38474000
1749236248,104531.32000000,1.06368000
1749236248,104531.33000000,0.02373000
1749236248,104531.36000000,0.12000000
1749236248,104531.46000000,0.00005000
1749236248,104531.64000000,0.01911000
1749236248,104531.95000000,0.60292000
1749236248,104532.00000000,0.00243000
1749236248,104532.14000000,0.12960000
1749236248,104532.50000000,0.00010000
1749236309,104497.69000000,1.71071000
1749236309,104497.71000000,0.00060000
1749236309,104497.73000000,0.00012000
1749236309,104497.74000000,0.05255000
1749236309,104497.78000000,0.00006000
1749236309,104497.85000000,0.00048000
1749236309,104498.33000000,0.00072000
1749236309,104498.41000000,0.00012000
1749236309,104498.42000000,0.05785000
1749236309,104499.78000000,0.00054000
1749236309,104499.98000000,0.00012000
1749236309,104499.99000000,0.22616000
1749236309,104500.00000000,0.50010000
1749236309,104500.14000000,0.00006000
1749236309,104500.15000000,0.31559000
1749236309,104500.57000000,0.00956000
1749236309,104500.82000000,0.00005000
1749236309,104501.92000000,0.00006000
1749236309,104501.93000000,0.18632000
1749236309,104502.50000000,0.00063000
1749236309,104502.51000000,0.10773000
1749236309,104502.91000000,0.00478000
1749236309,104503.35000000,0.01468000
1749236309,104503.87000000,0.00005000
1749236309,104503.98000000,0.34422000
1749236309,104505.10000000,0.00010000
1749236309,104505.14000000,0.02501000
1749236309,104505.69000000,0.19237000
1749236309,104505.76000000,0.00005000
1749236309,104506.38000000,0.00191000
1749236309,104506.80000000,0.82410000
1749236309,104507.20000000,0.00010000
1749236309,104507.32000000,0.00005000
1749236309,104507.63000000,0.34420000
1749236309,104507.74000000,0.00550000
1749236309,104507.81000000,0.19237000
1749236309,104508.13000000,0.01932000
1749236309,104508.14000000,0.58978000
1749236309,104508.43000000,0.00999000
1749236309,104508.48000000,0.00560000
1749236309,104508.65000000,0.00005000
1749236309,104508.78000000,0.00010000
1749236309,104508.86000000,0.04409000
1749236309,104508.93000000,0.00092000
1749236309,104508.96000000,0.02000000
1749236309,104509.72000000,0.00259000
1749236309,104510.49000000,0.09560000
1749236309,104510.76000000,0.07218000
1749236309,104510.84000000,0.00005000
1749236309,104511.06000000,0.96173000
1749236309,104511.07000000,0.47778000
1749236309,104511.08000000,0.19237000
1749236309,104511.09000000,1.22819000
1749236309,104511.26000000,0.00011000
1749236309,104511.27000000,0.00249000
1749236309,104511.57000000,0.34419000
1749236309,104511.63000000,0.04675000
1749236309,104512.29000000,0.00957000
1749236309,104512.37000000,0.05700000
1749236309,104512.41000000,0.00010000
1749236309,104513.13000000,0.19237000
1749236309,104513.14000000,0.47850000
1749236309,104513.36000000,0.00478000
1749236309,104513.45000000,0.60292000
1749236309,104513.66000000,0.00011000
1749236309,104513.67000000,0.02000000
1749236309,104513.79000000,0.05760000
1749236309,104513.84000000,0.38280000
1749236309,104514.21000000,0.00005000
1749236309,104514.56000000,0.24000000
1749236309,104514.71000000,0.12000000
1749236309,104514.72000000,0.12480000
1749236309,104514.75000000,0.12960000
1749236309,104514.79000000,0.12000000
1749236309,104514.82000000,0.12971000
1749236309,104515.05000000,0.00023000
1749236309,104515.52000000,0.60292000
1749236309,104515.55000000,0.00010000
1749236309,104515.71000000,0.02872000
1749236309,104515.79000000,0.34418000
1749236309,104515.92000000,0.00005000
1749236309,104515.97000000,0.60292000
1749236309,104516.00000000,0.00006000
1749236309,104516.99000000,1.96319000
1749236309,104517.00000000,0.96173000
1749236309,104517.33000000,0.00008000
1749236309,104517.66000000,0.00005000
1749236309,104517.81000000,0.12960000
1749236309,104518.19000000,0.00050000
1749236309,104518.71000000,0.28710000
1749236309,104518.83000000,0.12960000
1749236309,104518.91000000,0.01914000
1749236309,104519.01000000,0.19237000
1749236309,104519.02000000,0.60292000
1749236309,104519.41000000,0.19237000
1749236309,104519.45000000,0.09693000
1749236309,104519.49000000,0.01999000
1749236309,104519.52000000,0.12480000
1749236309,104519.60000000,0.12000000
1749236309,104519.75000000,0.36015000
1749236370,104488.17000000,0.91530000
1749236370,104488.18000000,0.00010000
1749236370,104488.19000000,0.00054000
1749236370,104488.36000000,0.00078000
1749236370,104488.37000000,0.00012000
1749236370,104488.38000000,0.21403000
1749236370,104488.40000000,0.00006000
1749236370,104488.69000000,0.00072000
1749236370,104489.34000000,0.00005000
1749236370,104490.07000000,0.00005000
1749236370,104490.26000000,0.00049000
1749236370,104490.39000000,0.00005000
1749236370,104490.95000000,0.00012000
1749236370,104490.96000000,0.04605000
1749236370,104492.05000000,0.00272000
1749236370,104492.68000000,0.00006000
1749236370,104492.77000000,0.00012000
1749236370,104492.78000000,0.05810000
1749236370,104493.39000000,0.00478000
1749236370,104493.47000000,0.00300000
1749236370,104493.52000000,0.00005000
1749236370,104493.93000000,0.00235000
1749236370,104493.94000000,0.01243000
1749236370,104494.84000000,0.01000000
1749236370,104494.88000000,0.00191000
1749236370,104496.04000000,0.00250000
1749236370,104496.60000000,0.00022000
1749236370,104496.61000000,0.04861000
1749236370,104496.97000000,0.00005000
1749236370,104497.10000000,0.00006000
1749236370,104497.11000000,0.31555000
1749236370,104497.68000000,0.04784000
1749236370,104497.69000000,0.44293000
1749236370,104497.70000000,0.02429000
1749236370,104497.75000000,0.00957000
1749236370,104497.98000000,0.00006000
1749236370,104498.10000000,0.00957000
1749236370,104498.62000000,0.00478000
1749236370,104499.20000000,0.19237000
1749236370,104499.99000000,0.19237000
1749236370,104500.00000000,0.52213000
1749236370,104500.07000000,0.00092000
1749236370,104500.42000000,0.00005000
1749236370,104500.47000000,0.00087000
1749236370,104500.59000000,0.00405000
1749236370,104500.68000000,0.00005000
1749236370,104501.26000000,0.00249000
1749236370,104501.51000000,0.00010000
1749236370,104501.65000000,0.00957000
1749236370,104501.97000000,0.04749000
1749236370,104502.06000000,0.27693000
1749236370,104502.07000000,0.34422000
1749236370,104502.50000000,0.00044000
1749236370,104502.51000000,0.05346000
1749236370,104502.76000000,0.12011000
1749236370,104503.35000000,0.01466000
1749236370,104503.84000000,0.00478000
1749236370,104503.87000000,0.00005000
1749236370,104504.05000000,0.00050000
1749236370,104504.49000000,0.19237000
1749236370,104505.10000000,0.00010000
1749236370,104505.76000000,0.00005000
1749236370,104505.85000000,0.19237000
1749236370,104505.93000000,0.34421000
1749236370,104506.05000000,0.12000000
1749236370,104506.38000000,0.96173000
1749236370,104506.39000000,1.38681000
1749236370,104506.55000000,0.01999000
1749236370,104506.63000000,0.60292000
1749236370,104506.75000000,0.02000000
1749236370,104506.85000000,0.08000000
1749236370,104506.91000000,0.00008000
1749236370,104506.99000000,0.00006000
1749236370,104507.05000000,0.04000000
1749236370,104507.20000000,0.00010000
1749236370,104507.32000000,0.00005000
1749236370,104507.40000000,0.28710000
1749236370,104507.65000000,0.16000000
1749236370,104508.14000000,0.58500000
1749236370,104508.48000000,0.00560000
1749236370,104508.54000000,0.60292000
1749236370,104508.78000000,0.00010000
1749236370,104509.71000000,0.34420000
1749236370,104509.72000000,0.00259000
1749236370,104510.12000000,0.38280000
1749236370,104510.23000000,0.34420000
1749236370,104510.32000000,0.60292000
1749236370,104510.76000000,0.00005000
1749236370,104510.84000000,0.00005000
1749236370,104511.06000000,0.96173000
1749236370,104511.07000000,0.47778000
1749236370,104511.35000000,0.00009000
1749236370,104511.62000000,0.07216000
1749236370,104511.63000000,0.04675000
1749236370,104511.68000000,0.00006000
1749236370,104512.11000000,0.28710000
1749236370,104512.29000000,0.00957000
1749236370,104512.41000000,0.00010000
1749236370,104512.44000000,0.04673000
1749236370,104512.80000000,1.12501000
1749236431,104551.17000000,3.95584000
1749236431,104551.18000000,0.00006000
1749236431,104551.19000000,0.00060000
1749236431,104551.57000000,0.00006000
1749236431,104551.93000000,0.00023000
1749236431,104551.98000000,0.00020000
1749236431,104552.00000000,0.00200000
1749236431,104552.08000000,0.00048000
1749236431,104552.10000000,0.00012000
1749236431,104552.11000000,0.31041000
1749236431,104552.12000000,0.05707000
1749236431,104552.18000000,0.00072000
1749236431,104552.85000000,0.31538000
1749236431,104553.27000000,0.00049000
1749236431,104554.05000000,0.00005000
1749236431,104554.30000000,0.04028000
1749236431,104555.00000000,0.00094000
1749236431,104555.53000000,0.00021000
1749236431,104555.55000000,0.03825000
1749236431,104555.61000000,0.00005000
1749236431,104556.00000000,0.00200000
1749236431,104556.07000000,0.00999000
1749236431,104556.14000000,0.00005000
1749236431,104556.18000000,0.02501000
1749236431,104556.40000000,0.00478000
1749236431,104556.67000000,0.00010000
1749236431,104557.43000000,0.19237000
1749236431,104557.44000000,0.00250000
1749236431,104557.70000000,0.34404000
1749236431,104557.87000000,0.07213000
1749236431,104558.05000000,0.00006000
1749236431,104558.13000000,0.00107000
1749236431,104558.14000000,0.04625000
1749236431,104558.16000000,0.00010000
1749236431,104558.26000000,0.00036000
1749236431,104558.27000000,0.05423000
1749236431,104558.33000000,0.44425000
1749236431,104558.34000000,0.19237000
1749236431,104558.50000000,0.01910000
1749236431,104559.01000000,0.00008000
1749236431,104559.06000000,0.00005000
1749236431,104559.99000000,0.00023000
1749236431,104560.00000000,0.02113000
1749236431,104560.45000000,0.00249000
1749236431,104560.46000000,0.96173000
1749236431,104560.72000000,0.00018000
1749236431,104560.77000000,0.00010000
1749236431,104560.96000000,0.01464000
1749236431,104561.05000000,0.00006000
1749236431,104561.63000000,0.00478000
1749236431,104561.64000000,0.00005000
1749236431,104562.51000000,0.00005000
1749236431,104562.80000000,0.34402000
1749236431,104563.53000000,0.00180000
1749236431,104563.70000000,0.19237000
1749236431,104563.78000000,0.19237000
1749236431,104564.00000000,0.00200000
1749236431,104564.51000000,0.00011000
1749236431,104564.52000000,0.28708000
1749236431,104564.66000000,1.13128000
1749236431,104564.67000000,0.96173000
1749236431,104564.68000000,0.47778000
1749236431,104564.85000000,0.00092000
1749236431,104565.53000000,0.00011000
1749236431,104565.54000000,0.29268000
1749236431,104565.78000000,0.01913000
1749236431,104565.81000000,0.00010000
1749236431,104565.95000000,0.02000000
1749236431,104565.96000000,0.00005000
1749236431,104566.52000000,0.47936000
1749236431,104566.56000000,0.00300000
1749236431,104566.64000000,0.28708000
1749236431,104566.72000000,0.00005000
1749236431,104566.73000000,0.00191000
1749236431,104566.79000000,0.34401000
1749236431,104566.83000000,0.38278000
1749236431,104566.85000000,0.00777000
1749236431,104566.99000000,0.12000000
1749236431,104567.43000000,0.34401000
1749236431,104567.81000000,0.00477000
1749236431,104567.82000000,0.00407000
1749236431,104568.00000000,0.00200000
1749236431,104568.08000000,0.01999000
1749236431,104568.29000000,0.16000000
1749236431,104568.55000000,0.38278000
1749236431,104568.60000000,0.58500000
1749236431,104568.82000000,0.00010000
1749236431,104568.89000000,0.14000000
1749236431,104569.04000000,0.01918000
1749236431,104569.09000000,0.07213000
1749236431,104569.19000000,0.19237000
1749236431,104569.41000000,0.00005000
1749236431,104569.43000000,0.00008000
1749236431,104569.51000000,0.19237000
1749236431,104570.05000000,1.05669000
1749236431,104570.06000000,0.96179000
1749236431,104570.08000000,0.12960000
1749236431,104570.17000000,0.05280000
1749236431,104570.53000000,0.00870000
1749236431,104570.55000000,0.47847000
1749236496,104504.22000000,5.48549000
1749236496,104504.63000000,0.00948000
1749236496,104504.92000000,0.00048000
1749236496,104505.07000000,0.00072000
1749236496,104505.22000000,0.00012000
1749236496,104505.23000000,0.29171000
1749236496,104505.24000000,0.05196000
1749236496,104505.28000000,0.00191000
1749236496,104506.32000000,0.00049000
1749236496,104506.44000000,0.00012000
1749236496,104506.45000000,0.04600000
1749236496,104507.09000000,0.00005000
1749236496,104507.55000000,0.00012000
1749236496,104507.56000000,0.31563000
1749236496,104507.72000000,0.01470000
1749236496,104507.76000000,0.00387000
1749236496,104508.53000000,0.02443000
1749236496,104509.36000000,0.00382000
1749236496,104509.48000000,0.00478000
1749236496,104509.63000000,0.00012000
1749236496,104509.64000000,0.12052000
1749236496,104509.66000000,0.19243000
1749236496,104510.16000000,0.09567000
1749236496,104510.36000000,0.00248000
1749236496,104510.76000000,0.00005000
1749236496,104510.89000000,0.01906000
1749236496,104511.18000000,0.19237000
1749236496,104511.35000000,0.69491000
1749236496,104511.63000000,0.04623000
1749236496,104511.83000000,0.01962000
1749236496,104512.00000000,0.34419000
1749236496,104513.09000000,0.38278000
1749236496,104513.16000000,0.05196000
1749236496,104513.28000000,0.00999000
1749236496,104514.21000000,0.00005000
1749236496,104514.40000000,0.00560000
1749236496,104514.46000000,0.96173000
1749236496,104514.68000000,0.58500000
1749236496,104514.71000000,0.00728000
1749236496,104515.19000000,0.34418000
1749236496,104515.34000000,0.19237000
1749236496,104515.38000000,0.04589000
1749236496,104515.92000000,0.00005000
1749236496,104516.44000000,0.19237000
1749236496,104516.92000000,0.00093000
1749236496,104517.32000000,0.00011000
1749236496,104517.33000000,0.00008000
1749236496,104517.34000000,0.00087000
1749236496,104517.66000000,0.00005000
1749236496,104517.67000000,0.92794000
1749236496,104517.86000000,0.00399000
1749236496,104518.71000000,0.00011000
1749236496,104518.72000000,0.96173000
1749236496,104518.75000000,0.00010000
1749236496,104519.17000000,0.05280000
1749236496,104519.46000000,0.34417000
1749236496,104519.60000000,0.02000000
1749236496,104519.70000000,0.28708000
1749236496,104519.74000000,0.02028000
1749236496,104519.90000000,0.00350000
1749236496,104519.93000000,0.00478000
1749236496,104520.00000000,0.00005000
1749236496,104520.12000000,0.10080000
1749236496,104520.14000000,0.12960000
1749236496,104520.15000000,0.12000000
1749236496,104520.43000000,0.00956000
1749236496,104520.62000000,0.19237000
1749236496,104520.64000000,0.12480000
1749236496,104521.00000000,0.00005000
1749236496,104521.08000000,0.00478000
1749236496,104521.09000000,0.02809000
1749236496,104521.11000000,0.00005000
1749236496,104521.82000000,0.47778000
1749236496,104521.83000000,0.19237000
1749236496,104521.89000000,1.32912000
1749236496,104522.00000000,0.01140000
1749236496,104522.41000000,0.01923000
1749236496,104522.50000000,0.00250000
1749236496,104522.88000000,0.00010000
1749236496,104523.00000000,0.01999000
1749236496,104523.43000000,0.96173000
1749236496,104523.44000000,0.28708000
1749236496,104523.56000000,0.28000000
1749236496,104523.66000000,0.12960000
1749236496,104523.86000000,0.02000000
1749236496,104523.88000000,0.28708000
1749236496,104523.90000000,0.34416000
1749236496,104524.00000000,0.01140000
1749236496,104524.15000000,0.12960000
1749236496,104524.56000000,0.00005000
1749236496,104524.60000000,0.60288000
1749236496,104524.68000000,0.02871000
1749236496,104524.93000000,0.38278000
1749236496,104525.11000000,0.60288000
1749236496,104525.14000000,0.58510000
1749236496,104525.20000000,0.12960000
1749236496,104525.85000000,0.12000000
1749236496,104525.95000000,0.04780000
1749236496,104526.00000000,0.01140000
1749236496,104526.08000000,0.00005000
1749236557,104497.81000000,5.50850000
1749236557,104497.83000000,0.00060000
1749236557,104498.13000000,0.00023000
1749236557,104498.19000000,0.00012000
1749236557,104498.20000000,0.04560000
1749236557,104498.43000000,0.00570000
1749236557,104498.45000000,0.00048000
1749236557,104498.61000000,0.00072000
1749236557,104499.07000000,0.01470000
1749236557,104499.78000000,0.00005000
1749236557,104499.90000000,0.00050000
1749236557,104499.93000000,0.00506000
1749236557,104500.68000000,0.00005000
1749236557,104500.82000000,0.00005000
1749236557,104501.49000000,0.00101000
1749236557,104503.03000000,0.00250000
1749236557,104503.63000000,0.00012000
1749236557,104503.64000000,0.02011000
1749236557,104503.73000000,0.00012000
1749236557,104503.74000000,0.05286000
1749236557,104503.83000000,0.00012000
1749236557,104503.84000000,0.02588000
1749236557,104504.21000000,0.19274000
1749236557,104504.22000000,0.85041000
1749236557,104504.66000000,0.12486000
1749236557,104504.71000000,0.23046000
1749236557,104504.72000000,0.12000000
1749236557,104504.96000000,0.04749000
1749236557,104505.23000000,0.02489000
1749236557,104505.28000000,0.00191000
1749236557,104505.63000000,0.19237000
1749236557,104505.76000000,0.00005000
1749236557,104506.96000000,0.31553000
1749236557,104507.08000000,0.28708000
1749236557,104507.20000000,0.00010000
1749236557,104507.32000000,0.00005000
1749236557,104507.78000000,0.12960000
1749236557,104507.79000000,0.00999000
1749236557,104508.29000000,0.09864000
1749236557,104508.31000000,0.28708000
1749236557,104508.44000000,0.28708000
1749236557,104508.46000000,0.38278000
1749236557,104508.81000000,0.12960000
1749236557,104509.46000000,0.12382000
1749236557,104509.48000000,0.00478000
1749236557,104509.61000000,0.00094000
1749236557,104509.70000000,0.00403000
1749236557,104509.75000000,0.19237000
1749236557,104509.86000000,0.12960000
1749236557,104509.91000000,0.00088000
1749236557,104510.26000000,0.96173000
1749236557,104510.36000000,0.00248000
1749236557,104510.76000000,0.00005000
1749236557,104510.82000000,0.12000000
1749236557,104510.84000000,0.00005000
1749236557,104510.89000000,0.01906000
1749236557,104511.21000000,0.19237000
1749236557,104511.50000000,0.00011000
1749236557,104511.51000000,0.34420000
1749236557,104511.63000000,0.04623000
1749236557,104511.66000000,0.16000000
1749236557,104511.83000000,0.01923000
1749236557,104512.36000000,0.14000000
1749236557,104512.96000000,0.00011000
1749236557,104512.97000000,0.00010000
1749236557,104513.09000000,0.04500000
1749236557,104513.29000000,0.00956000
1749236557,104513.37000000,0.07213000
1749236557,104513.48000000,0.00050000
1749236557,104514.21000000,0.00005000
1749236557,104514.44000000,0.96173000
1749236557,104514.68000000,0.58500000
1749236557,104514.71000000,0.00728000
1749236557,104515.31000000,0.34418000
1749236557,104515.37000000,0.19237000
1749236557,104515.55000000,0.02057000
1749236557,104515.92000000,0.00005000
1749236557,104516.00000000,0.00006000
1749236557,104516.07000000,0.00010000
1749236557,104516.44000000,0.19237000
1749236557,104516.48000000,0.00005000
1749236557,104517.25000000,0.01999000
1749236557,104517.37000000,0.60288000
1749236557,104517.66000000,0.00005000
1749236557,104518.18000000,0.34417000
1749236557,104518.53000000,0.47847000
1749236557,104518.72000000,0.96173000
1749236557,104518.75000000,0.00010000
1749236557,104518.98000000,0.86125000
1749236557,104519.50000000,0.00478000
1749236557,104519.51000000,0.28708000
1749236557,104519.77000000,0.11520000
1749236557,104519.90000000,0.00350000
1749236557,104520.00000000,0.01919000
1749236557,104520.07000000,0.04730000
1749236557,104520.43000000,0.00956000
1749236557,104520.62000000,0.19237000
1749236557,104520.77000000,0.04000000
1749236557,104520.99000000,0.07188000
1749236557,104521.00000000,0.00005000
1749236618,104476.30000000,6.82652000
1749236618,104476.32000000,0.00066000
1749236618,104476.39000000,0.00029000
1749236618,104476.58000000,0.00006000
1749236618,104476.59000000,0.00006000
1749236618,104476.76000000,0.00006000
1749236618,104476.77000000,0.00006000
1749236618,104476.82000000,0.00054000
1749236618,104476.88000000,0.00006000
1749236618,104477.01000000,0.00072000
1749236618,104477.86000000,0.00005000
1749236618,104478.34000000,0.00012000
1749236618,104478.35000000,0.04064000
1749236618,104478.39000000,0.00049000
1749236618,104478.79000000,0.00397000
1749236618,104478.91000000,0.00005000
1749236618,104479.23000000,0.00012000
1749236618,104479.24000000,0.30107000
1749236618,104480.03000000,0.00191000
1749236618,104480.36000000,0.00005000
1749236618,104480.72000000,0.00012000
1749236618,104480.73000000,0.09129000
1749236618,104480.87000000,0.00957000
1749236618,104481.52000000,0.00581000
1749236618,104481.54000000,0.00818000
1749236618,104482.01000000,0.00012000
1749236618,104482.02000000,0.04597000
1749236618,104482.66000000,0.00006000
1749236618,104482.67000000,0.13163000
1749236618,104482.80000000,0.05286000
1749236618,104483.18000000,0.00005000
1749236618,104483.23000000,0.19243000
1749236618,104483.72000000,0.12486000
1749236618,104483.77000000,0.23046000
1749236618,104483.78000000,0.12000000
1749236618,104484.49000000,0.96173000
1749236618,104484.55000000,0.04000000
1749236618,104484.58000000,0.19237000
1749236618,104485.21000000,0.04000000
1749236618,104485.44000000,0.00005000
1749236618,104485.95000000,0.00171000
1749236618,104486.31000000,0.04000000
1749236618,104486.52000000,0.28708000
1749236618,104486.63000000,0.00005000
1749236618,104486.75000000,0.58978000
1749236618,104486.82000000,0.38278000
1749236618,104487.30000000,0.28708000
1749236618,104487.32000000,0.31559000
1749236618,104487.85000000,0.00560000
1749236618,104487.91000000,0.04000000
1749236618,104487.92000000,0.00010000
1749236618,104487.99000000,0.28708000
1749236618,104488.38000000,0.21139000
1749236618,104488.47000000,0.57782000
1749236618,104488.91000000,0.09563000
1749236618,104488.94000000,0.12960000
1749236618,104489.33000000,0.00011000
1749236618,104489.34000000,0.00010000
1749236618,104489.42000000,0.96173000
1749236618,104489.51000000,0.12960000
1749236618,104489.80000000,0.00011000
1749236618,104489.81000000,0.19237000
1749236618,104489.82000000,0.47778000
1749236618,104490.07000000,0.00005000
1749236618,104490.52000000,0.00005000
1749236618,104490.62000000,0.11520000
1749236618,104490.69000000,0.03175000
1749236618,104490.78000000,0.04000000
1749236618,104491.29000000,0.04663000
1749236618,104491.52000000,0.00010000
1749236618,104491.67000000,0.09693000
1749236618,104491.76000000,0.04000000
1749236618,104491.97000000,0.00478000
1749236618,104492.11000000,0.34426000
1749236618,104492.28000000,0.00010000
1749236618,104492.60000000,0.28708000
1749236618,104492.65000000,0.04000000
1749236618,104493.06000000,0.02000000
1749236618,104493.52000000,0.00005000
1749236618,104493.55000000,0.00050000
1749236618,104493.61000000,0.96173000
1749236618,104493.69000000,0.00250000
1749236618,104493.73000000,0.19237000
1749236618,104493.77000000,0.04000000
1749236618,104494.34000000,0.02053000
1749236618,104494.89000000,0.60288000
1749236618,104495.22000000,0.19237000
1749236618,104495.59000000,0.00010000
1749236618,104495.60000000,0.00005000
1749236618,104495.99000000,0.00478000
1749236618,104496.00000000,0.01140000
1749236618,104496.02000000,1.00000000
1749236618,104496.22000000,0.07186000
1749236618,104496.31000000,0.04000000
1749236618,104496.41000000,0.00300000
1749236618,104496.97000000,0.00005000
1749236618,104497.13000000,0.04000000
1749236618,104497.17000000,0.00957000
1749236618,104497.20000000,0.58500000
1749236618,104497.21000000,0.12960000
1749236679,104519.02000000,5.24447000
1749236679,104519.03000000,0.00018000
1749236679,104519.04000000,0.03946000
1749236679,104519.25000000,0.00012000
1749236679,104519.27000000,0.00029000
1749236679,104519.40000000,0.00006000
1749236679,104519.41000000,0.00006000
1749236679,104519.45000000,0.00006000
1749236679,104519.50000000,0.00012000
1749236679,104519.51000000,0.05462000
1749236679,104519.61000000,0.00048000
1749236679,104519.75000000,0.01473000
1749236679,104519.78000000,0.00072000
1749236679,104519.80000000,0.00138000
1749236679,104519.81000000,0.01406000
1749236679,104519.99000000,0.00012000
1749236679,104520.00000000,0.02125000
1749236679,104520.13000000,0.00191000
1749236679,104520.59000000,0.00101000
1749236679,104520.65000000,0.00005000
1749236679,104521.12000000,0.00050000
1749236679,104521.70000000,0.00005000
1749236679,104522.25000000,0.00012000
1749236679,104522.26000000,0.31554000
1749236679,104522.54000000,0.00006000
1749236679,104522.55000000,0.04006000
1749236679,104522.96000000,0.00006000
1749236679,104522.97000000,0.04596000
1749236679,104523.68000000,0.02431000
1749236679,104524.00000000,0.00200000
1749236679,104524.25000000,0.00478000
1749236679,104524.56000000,0.00005000
1749236679,104525.01000000,0.00006000
1749236679,104525.14000000,0.00010000
1749236679,104525.70000000,0.00999000
1749236679,104525.74000000,0.00560000
1749236679,104526.19000000,0.04590000
1749236679,104526.62000000,0.34415000
1749236679,104526.85000000,0.00956000
1749236679,104527.34000000,0.01947000
1749236679,104527.38000000,0.00728000
1749236679,104527.81000000,0.12711000
1749236679,104528.00000000,0.00200000
1749236679,104528.01000000,0.00005000
1749236679,104528.25000000,0.00026000
1749236679,104528.29000000,0.00019000
1749236679,104528.66000000,0.11778000
1749236679,104529.24000000,0.19237000
1749236679,104529.31000000,0.19237000
1749236679,104529.43000000,0.05241000
1749236679,104529.47000000,0.00250000
1749236679,104529.77000000,0.28708000
1749236679,104530.25000000,0.96173000
1749236679,104530.32000000,0.00010000
1749236679,104530.42000000,0.34413000
1749236679,104531.04000000,0.05280000
1749236679,104531.16000000,0.00005000
1749236679,104531.46000000,0.00005000
1749236679,104531.95000000,0.00011000
1749236679,104532.00000000,0.00200000
1749236679,104532.01000000,0.12960000
1749236679,104532.03000000,0.12000000
1749236679,104532.35000000,0.00011000
1749236679,104532.36000000,0.01999000
1749236679,104532.99000000,0.38278000
1749236679,104533.75000000,0.08414000
1749236679,104533.92000000,0.34412000
1749236679,104534.02000000,0.00006000
1749236679,104534.35000000,0.28708000
1749236679,104534.55000000,0.19237000
1749236679,104534.56000000,0.19237000
1749236679,104534.65000000,0.00675000
1749236679,104534.70000000,0.00778000
1749236679,104534.83000000,0.96173000
1749236679,104534.89000000,0.20908000
1749236679,104534.91000000,0.00005000
1749236679,104535.26000000,0.47778000
1749236679,104535.28000000,0.00010000
1749236679,104535.43000000,0.02000000
1749236679,104535.58000000,0.00300000
1749236679,104535.59000000,0.58500000
1749236679,104535.83000000,0.28708000
1749236679,104536.00000000,0.00200000
1749236679,104536.24000000,0.00005000
1749236679,104537.39000000,0.07184000
1749236679,104537.45000000,0.28708000
1749236679,104538.07000000,0.00010000
1749236679,104538.36000000,0.00005000
1749236679,104538.37000000,0.30000000
1749236679,104538.56000000,0.00010000
1749236679,104538.74000000,0.00957000
1749236679,104538.77000000,0.12960000
1749236679,104539.46000000,0.96173000
1749236679,104539.64000000,0.00009000
1749236679,104539.72000000,0.60288000
1749236679,104539.96000000,0.00005000
1749236679,104540.00000000,0.02113000
1749236679,104540.42000000,0.12480000
1749236679,104540.47000000,0.45225000
1749236679,104540.48000000,0.10080000
